,Stationarity,Order,RMSE,MAPE,R2,Noise,Predictions Mean,Actual Mean
BOM524715,Stationary,"(0, 1, 1)",212.88049529842894,0.35827202842248984,-8.61615470259654,0.3566004015639237,321.4550604512494,512.6528409090912
BOM532488,,,,,,,,
BOM500124,,,,,,,,
BOM500180,,,,,,,,
BOM532174,,,,,,,,
BOM500247,,,,,,,,
BOM500470,,,,,,,,
BOM500228,,,,,,,,
BOM500440,,,,,,,,
BOM532977,,,,,,,,
BOM500570,,,,,,,,
BOM532500,,,,,,,,
BOM500209,,,,,,,,
BOM532540,,,,,,,,
BOM507685,,,,,,,,
